{
  "distorsion": 1.4968783783717108,
  "trace": [
    {
      "best_disto_so_far": 1.4968783783717108,
      "iter_count": 1213129,
      "elapsed": 600.000308541
    }
  ]
}