{
  "distorsion": 1.6097367367325635,
  "trace": [
    {
      "best_disto_so_far": 1.6097367367325635,
      "iter_count": 849734,
      "elapsed": 600.000358693
    }
  ]
}