{
  "distorsion": 1.5291144477756133,
  "trace": [
    {
      "best_disto_so_far": 1.5291144477756133,
      "iter_count": 1084812,
      "elapsed": 600.000319719
    }
  ]
}