{
  "distorsion": 2.0064928261578783,
  "trace": [
    {
      "best_disto_so_far": 2.0064928261578783,
      "iter_count": 609015,
      "elapsed": 600.000648455
    }
  ]
}