{
  "distorsion": 2.0223316649968712,
  "trace": [
    {
      "best_disto_so_far": 2.0223316649968712,
      "iter_count": 609782,
      "elapsed": 600.000633502
    }
  ]
}