{
  "distorsion": 2.036059392724524,
  "trace": [
    {
      "best_disto_so_far": 2.036059392724524,
      "iter_count": 607218,
      "elapsed": 600.000664633
    }
  ]
}