{
  "distorsion": 1.3412241683942996,
  "trace": [
    {
      "best_disto_so_far": 1.3412241683942996,
      "iter_count": 1124462,
      "elapsed": 600.000052199
    }
  ]
}