{
  "distorsion": 1.4183273163516175,
  "trace": [
    {
      "best_disto_so_far": 1.4183273163516175,
      "iter_count": 2196485,
      "elapsed": 600.000053842
    }
  ]
}