{
  "distorsion": 1.2865949949962463,
  "trace": [    
    {
      "best_disto_so_far": 1.2865949949962463,
      "iter_count": 365249,
      "elapsed": 600.000081074
    }
  ]
}