{
  "distorsion": 1.6732369035664694,
  "trace": [
    {
      "best_disto_so_far": 1.6732369035664694,
      "iter_count": 845666,
      "elapsed": 600.000453305
    }
  ]
}