{
  "distorsion": 1.3736306973634453,
  "trace": [
    {
      "best_disto_so_far": 1.3736306973634453,
      "iter_count": 2240713,
      "elapsed": 600.000171835
    }
  ]
}