{
  "distorsion": 1.4755135135090847,
  "trace": [
    {
      "best_disto_so_far": 1.4755135135090847,
      "iter_count": 1295714,
      "elapsed": 600.00015372
    }
  ]
}