{
  "distorsion": 1.9810222889553075,
  "trace": [
    {
      "best_disto_so_far": 1.9810222889553075,
      "iter_count": 1440025,
      "elapsed": 600.000035801
    }
  ]
}