{
  "distorsion": 2.125848181515204,
  "trace": [
    {
      "best_disto_so_far": 2.125848181515204,
      "iter_count": 604840,
      "elapsed": 600.000667711
    }
  ]
}