{
  "distorsion": 2.069761027694094,
  "trace": [
    {
      "best_disto_so_far": 2.069761027694094,
      "iter_count": 1342135,
      "elapsed": 600.000277195
    }
  ]
}